DiseaseTag,Direction,CompoundTag
Breast cancer,1,Proanthocyanidin B2
Breast cancer,1,Epicatechin
Alzheimers disease,1,Isorhamnetin
Prostate cancer,1,Tectorigenin
Psoriasis,2,Green Tea Extract
Skin disease,2,Green Tea Extract
Atopic dermatiti,2,Green Tea Extract
Dermatitis,2,Green Tea Extract
Breast cancer,1,Puerarin
Neurotoxicity,1,(+)-Aromadendrin
Neurotoxicity,1,(-)-Catechin
Dementia,1,Gallocatechin
Dementia,1,Epigallocatechin
Dementia,1,Epigallocatechin
Dementia,1,Gallocatechin
Dementia,1,Gallocatechin
Dementia,1,Epigallocatechin
Dementia,1,Epigallocatechin
Dementia,1,Gallocatechin
Botulism,1,Quercetin
Neurotoxicity,1,Quercetin
Infertility,1,Kaempferol
Infertility,1,Apigenin
Endometriosis,1,Kaempferol
Endometriosis,1,Apigenin
Acute diarrhea,1,Quercetin
Acute diarrhea,1,Quercetin
Acute diarrhea,1,Quercetin
Acute diarrhea,1,Quercetin
Coronary heart disease,1,(+)-Catechin
Coronary heart disease,1,(-)-Epigallocatechin
Coronary heart disease,1,(-)-Epicatechin
Coronary heart disease,1,(-)-Epigallocatechin 3-Gallate
Stroke,1,(+)-Catechin
Stroke,1,(-)-Epigallocatechin
Stroke,1,(-)-Epicatechin
Stroke,1,(-)-Epigallocatechin 3-Gallate
Breast cancer,1,Isorhamnetin
Breast cancer,1,Quercetin
Breast cancer,1,Isorhamentin